Essentials,
AAMP (14),AAMP
AARS1 (16),AARS1
AATF (26574),AATF
ABCB7 (22),ABCB7
ABCE1 (6059),ABCE1
ABCF1 (23),ABCF1
ABT1 (29777),ABT1
ACD (65057),ACD
ACIN1 (22985),ACIN1
ACO2 (50),ACO2
ACTB (60),ACTB
ACTG1 (71),ACTG1
ACTL6A (86),ACTL6A
ACTR10 (55860),ACTR10
ACTR1A (10121),ACTR1A
ACTR2 (10097),ACTR2
ACTR3 (10096),ACTR3
ACTR6 (64431),ACTR6
ACTR8 (93973),ACTR8
ADAR (103),ADAR
ADSL (158),ADSL
ADSS2 (159),ADSS2
AFG3L2 (10939),AFG3L2
AGAP5 (729092),AGAP5
AGAP6 (414189),AGAP6
AHCTF1 (25909),AHCTF1
AHCY (191),AHCY
AK6 (102157402),AK6
AKIRIN2 (55122),AKIRIN2
ALDOA (226),ALDOA
ALDOC (230),ALDOC
ALG1 (56052),ALG1
ALG10B (144245),ALG10B
ALG11 (440138),ALG11
ALG13 (79868),ALG13
ALG14 (199857),ALG14
ALG2 (85365),ALG2
ALYREF (10189),ALYREF
AMY2A (279),AMY2A
ANAPC1 (64682),ANAPC1
ANAPC10 (10393),ANAPC10
ANAPC11 (51529),ANAPC11
ANAPC13 (25847),ANAPC13
ANAPC15 (25906),ANAPC15
ANAPC2 (29882),ANAPC2
ANAPC4 (29945),ANAPC4
ANAPC5 (51433),ANAPC5
ANKLE2 (23141),ANKLE2
ANKRD18B (441459),ANKRD18B
ANKRD35 (148741),ANKRD35
ANLN (54443),ANLN
AP2M1 (1173),AP2M1
AQP7 (364),AQP7
AQR (9716),AQR
ARCN1 (372),ARCN1
ARF4 (378),ARF4
ARFRP1 (10139),ARFRP1
ARGLU1 (55082),ARGLU1
ARHGEF5 (7984),ARHGEF5
ARIH1 (25820),ARIH1
ARL2 (402),ARL2
ARMC7 (79637),ARMC7
ARPC2 (10109),ARPC2
ARPC3 (10094),ARPC3
ARPC4 (10093),ARPC4
ARPP19 (10776),ARPP19
ASCC3 (10973),ASCC3
ASDURF (110599588),ASDURF
ATAD5 (79915),ATAD5
ATL2 (64225),ATL2
ATP1A1 (476),ATP1A1
ATP23 (91419),ATP23
ATP2A2 (488),ATP2A2
ATP5F1A (498),ATP5F1A
ATP5F1B (506),ATP5F1B
ATP5F1C (509),ATP5F1C
ATP5F1D (513),ATP5F1D
ATP5F1E (514),ATP5F1E
ATP5MC2 (517),ATP5MC2
ATP5MF (9551),ATP5MF
ATP5PB (515),ATP5PB
ATP5PD (10476),ATP5PD
ATP5PO (539),ATP5PO
ATP6AP1 (537),ATP6AP1
ATP6AP2 (10159),ATP6AP2
ATP6V0B (533),ATP6V0B
ATP6V0C (527),ATP6V0C
ATP6V0D1 (9114),ATP6V0D1
ATP6V1A (523),ATP6V1A
ATP6V1B2 (526),ATP6V1B2
ATP6V1C1 (528),ATP6V1C1
ATP6V1D (51382),ATP6V1D
ATP6V1E1 (529),ATP6V1E1
ATP6V1F (9296),ATP6V1F
ATP6V1G1 (9550),ATP6V1G1
ATP6V1H (51606),ATP6V1H
ATR (545),ATR
ATRIP (84126),ATRIP
ATXN10 (25814),ATXN10
AURKA (6790),AURKA
AURKAIP1 (54998),AURKAIP1
AURKB (9212),AURKB
BANF1 (8815),BANF1
BANP (54971),BANP
BARD1 (580),BARD1
BCAS2 (10286),BCAS2
BCCIP (56647),BCCIP
BCL2L1 (598),BCL2L1
BCLAF1 (9774),BCLAF1
BDP1 (55814),BDP1
BIRC5 (332),BIRC5
BMF (90427),BMF
BMS1 (9790),BMS1
BNIP1 (662),BNIP1
BOP1 (23246),BOP1
BORA (79866),BORA
BPTF (2186),BPTF
BRAP (8315),BRAP
BRCA2 (675),BRCA2
BRD4 (23476),BRD4
BRD8 (10902),BRD8
BRF1 (2972),BRF1
BRF2 (55290),BRF2
BRIX1 (55299),BRIX1
BTAF1 (9044),BTAF1
BTF3 (689),BTF3
BTF3L4 (91408),BTF3L4
BUB1 (699),BUB1
BUB1B (701),BUB1B
BUB3 (9184),BUB3
BUD13 (84811),BUD13
BUD23 (114049),BUD23
BUD31 (8896),BUD31
BYSL (705),BYSL
C17orf49 (124944),C17orf49
C17orf58 (284018),C17orf58
C18orf21 (83608),C18orf21
C19orf53 (28974),C19orf53
C1orf109 (54955),C1orf109
C1orf131 (128061),C1orf131
C2orf81 (388963),C2orf81
C2orf92 (728537),C2orf92
C3orf49 (132200),C3orf49
CA5A (763),CA5A
CACNB3 (784),CACNB3
CACTIN (58509),CACTIN
CAMLG (819),CAMLG
CAPZB (832),CAPZB
CARS1 (833),CARS1
CCAR1 (55749),CCAR1
CCDC107 (203260),CCDC107
CCDC115 (84317),CCDC115
CCDC12 (151903),CCDC12
CCDC137 (339230),CCDC137
CCDC163 (126661),CCDC163
CCDC174 (51244),CCDC174
CCDC196 (440184),CCDC196
CCDC43 (124808),CCDC43
CCDC57 (284001),CCDC57
CCDC59 (29080),CCDC59
CCDC86 (79080),CCDC86
CCNA2 (890),CCNA2
CCNB1 (891),CCNB1
CCNB1IP1 (57820),CCNB1IP1
CCNH (902),CCNH
CCNK (8812),CCNK
CCNL1 (57018),CCNL1
CCNQ (92002),CCNQ
CCT2 (10576),CCT2
CCT3 (7203),CCT3
CCT4 (10575),CCT4
CCT5 (22948),CCT5
CCT6A (908),CCT6A
CCT7 (10574),CCT7
CCT8 (10694),CCT8
CD24 (100133941),CD24
CD300H (100130520),CD300H
CDAN1 (146059),CDAN1
CDC123 (8872),CDC123
CDC14C (168448),CDC14C
CDC16 (8881),CDC16
CDC20 (991),CDC20
CDC23 (8697),CDC23
CDC26 (246184),CDC26
CDC27 (996),CDC27
CDC37 (11140),CDC37
CDC40 (51362),CDC40
CDC42 (998),CDC42
CDC45 (8318),CDC45
CDC5L (988),CDC5L
CDC6 (990),CDC6
CDC7 (8317),CDC7
CDC73 (79577),CDC73
CDCA5 (113130),CDCA5
CDCA8 (55143),CDCA8
CDK1 (983),CDK1
CDK12 (51755),CDK12
CDK2 (1017),CDK2
CDK4 (1019),CDK4
CDK5RAP3 (80279),CDK5RAP3
CDK7 (1022),CDK7
CDK9 (1025),CDK9
CDT1 (81620),CDT1
CEBPZ (10153),CEBPZ
CEBPZOS (100505876),CEBPZOS
CECR2 (27443),CECR2
CELSR2 (1952),CELSR2
CENATAC (338657),CENATAC
CENPA (1058),CENPA
CENPC (1060),CENPC
CENPE (1062),CENPE
CENPH (64946),CENPH
CENPI (2491),CENPI
CENPK (64105),CENPK
CENPL (91687),CENPL
CENPM (79019),CENPM
CENPN (55839),CENPN
CENPT (80152),CENPT
CENPW (387103),CENPW
CEP131 (22994),CEP131
CEP192 (55125),CEP192
CEP97 (79598),CEP97
CEPT1 (10390),CEPT1
CFAP20 (29105),CFAP20
CFAP298 (56683),CFAP298
CFAP54 (144535),CFAP54
CFAP97D2 (101929355),CFAP97D2
CFL1 (1072),CFL1
CHAF1A (10036),CHAF1A
CHAF1B (8208),CHAF1B
CHCHD1 (118487),CHCHD1
CHCHD2 (51142),CHCHD2
CHCHD3 (54927),CHCHD3
CHCHD4 (131474),CHCHD4
CHD4 (1108),CHD4
CHEK1 (1111),CHEK1
CHERP (10523),CHERP
CHKA (1119),CHKA
CHMP2A (27243),CHMP2A
CHMP3 (51652),CHMP3
CHMP4B (128866),CHMP4B
CHMP6 (79643),CHMP6
CHMP7 (91782),CHMP7
CHORDC1 (26973),CHORDC1
CIAO1 (9391),CIAO1
CIAO2B (51647),CIAO2B
CIAO3 (64428),CIAO3
CIAPIN1 (57019),CIAPIN1
CINP (51550),CINP
CIR1 (9541),CIR1
CIT (11113),CIT
CITED4 (163732),CITED4
CKAP5 (9793),CKAP5
CKS1B (1163),CKS1B
CLASP1 (23332),CLASP1
CLASP2 (23122),CLASP2
CLCC1 (23155),CLCC1
CLK2 (1196),CLK2
CLNS1A (1207),CLNS1A
CLP1 (10978),CLP1
CLSPN (63967),CLSPN
CLTC (1213),CLTC
CMPK1 (51727),CMPK1
CMTR1 (23070),CMTR1
CNOT1 (23019),CNOT1
CNOT2 (4848),CNOT2
CNOT3 (4849),CNOT3
COA5 (493753),COA5
COG1 (9382),COG1
COG2 (22796),COG2
COG3 (83548),COG3
COG4 (25839),COG4
COG6 (57511),COG6
COG8 (84342),COG8
COIL (8161),COIL
COPA (1314),COPA
COPB1 (1315),COPB1
COPB2 (9276),COPB2
COPE (11316),COPE
COPG1 (22820),COPG1
COPG2 (26958),COPG2
COPS2 (9318),COPS2
COPS3 (8533),COPS3
COPS4 (51138),COPS4
COPS5 (10987),COPS5
COPS6 (10980),COPS6
COPS8 (10920),COPS8
COPZ1 (22818),COPZ1
COPZ2 (51226),COPZ2
COQ4 (51117),COQ4
COX11 (1353),COX11
COX17 (10063),COX17
COX20 (116228),COX20
COX5A (9377),COX5A
COX6A1 (1337),COX6A1
COX6B1 (1340),COX6B1
COX7B (1349),COX7B
CPSF1 (29894),CPSF1
CPSF2 (53981),CPSF2
CPSF3 (51692),CPSF3
CPSF4 (10898),CPSF4
CPSF6 (11052),CPSF6
CRCP (27297),CRCP
CRCT1 (54544),CRCT1
CRKL (1399),CRKL
CRLS1 (54675),CRLS1
CRNKL1 (51340),CRNKL1
CRYBG3 (131544),CRYBG3
CS (1431),CS
CSAG2 (102723547),CSAG2
CSE1L (1434),CSE1L
CSH2 (1443),CSH2
CSNK1A1 (1452),CSNK1A1
CSNK2B (1460),CSNK2B
CSNKA2IP (111064647),CSNKA2IP
CSTF1 (1477),CSTF1
CSTF3 (1479),CSTF3
CTAGE9 (643854),CTAGE9
CTCF (10664),CTCF
CTDNEP1 (23399),CTDNEP1
CTDP1 (9150),CTDP1
CTNNBL1 (56259),CTNNBL1
CTPS1 (1503),CTPS1
CTR9 (9646),CTR9
CTU2 (348180),CTU2
CUL1 (8454),CUL1
CUL2 (8453),CUL2
CUL3 (8452),CUL3
CWC15 (51503),CWC15
CWC22 (57703),CWC22
CWC25 (54883),CWC25
CWF19L2 (143884),CWF19L2
CYCS (54205),CYCS
DAD1 (1603),DAD1
DAP3 (7818),DAP3
DARS1 (1615),DARS1
DBF4 (10926),DBF4
DBR1 (51163),DBR1
DCAF1 (9730),DCAF1
DCAF13 (25879),DCAF13
DCAF7 (10238),DCAF7
DCLRE1B (64858),DCLRE1B
DCP1A (55802),DCP1A
DCP2 (167227),DCP2
DCTN2 (10540),DCTN2
DCTN3 (11258),DCTN3
DCTN4 (51164),DCTN4
DCTN5 (84516),DCTN5
DCTN6 (10671),DCTN6
DDA1 (79016),DDA1
DDB1 (1642),DDB1
DDOST (1650),DDOST
DDX10 (1662),DDX10
DDX11 (1663),DDX11
DDX18 (8886),DDX18
DDX20 (11218),DDX20
DDX21 (9188),DDX21
DDX23 (9416),DDX23
DDX24 (57062),DDX24
DDX27 (55661),DDX27
DDX39B (7919),DDX39B
DDX3X (1654),DDX3X
DDX41 (51428),DDX41
DDX42 (11325),DDX42
DDX46 (9879),DDX46
DDX47 (51202),DDX47
DDX49 (54555),DDX49
DDX5 (1655),DDX5
DDX51 (317781),DDX51
DDX52 (11056),DDX52
DDX54 (79039),DDX54
DDX55 (57696),DDX55
DDX56 (54606),DDX56
DDX59 (83479),DDX59
DDX6 (1656),DDX6
DENR (8562),DENR
DGCR8 (54487),DGCR8
DHDDS (79947),DHDDS
DHFR (1719),DHFR
DHFR2 (200895),DHFR2
DHPS (1725),DHPS
DHX15 (1665),DHX15
DHX16 (8449),DHX16
DHX33 (56919),DHX33
DHX36 (170506),DHX36
DHX37 (57647),DHX37
DHX38 (9785),DHX38
DHX8 (1659),DHX8
DHX9 (1660),DHX9
DIMT1 (27292),DIMT1
DIS3 (22894),DIS3
DKC1 (1736),DKC1
DLST (1743),DLST
DMAP1 (55929),DMAP1
DNA2 (1763),DNA2
DNAAF10 (116143),DNAAF10
DNAJA1 (3301),DNAJA1
DNAJA3 (9093),DNAJA3
DNAJC11 (55735),DNAJC11
DNAJC17 (55192),DNAJC17
DNAJC8 (22826),DNAJC8
DNAJC9 (23234),DNAJC9
DNM1L (10059),DNM1L
DNM2 (1785),DNM2
DNMT1 (1786),DNMT1
DNTTIP2 (30836),DNTTIP2
DONSON (29980),DONSON
DPAGT1 (1798),DPAGT1
DPH3 (285381),DPH3
DPM3 (54344),DPM3
DR1 (1810),DR1
DROSHA (29102),DROSHA
DSN1 (79980),DSN1
DTL (51514),DTL
DTYMK (1841),DTYMK
DUT (1854),DUT
DUXA (503835),DUXA
DYNC1H1 (1778),DYNC1H1
DYNC1I2 (1781),DYNC1I2
DYNLL1 (8655),DYNLL1
DYNLRB1 (83658),DYNLRB1
E4F1 (1877),E4F1
EAPP (55837),EAPP
EBNA1BP2 (10969),EBNA1BP2
ECD (11319),ECD
ECT2 (1894),ECT2
EDC4 (23644),EDC4
EEF1A1 (1915),EEF1A1
EEF1B2 (1933),EEF1B2
EEF1G (1937),EEF1G
EEF2 (1938),EEF2
EEF2KMT (196483),EEF2KMT
EFL1 (79631),EFL1
EFNA3 (1944),EFNA3
EFTUD2 (9343),EFTUD2
EIF1 (10209),EIF1
EIF1AD (84285),EIF1AD
EIF1AX (1964),EIF1AX
EIF2B1 (1967),EIF2B1
EIF2B2 (8892),EIF2B2
EIF2B3 (8891),EIF2B3
EIF2B4 (8890),EIF2B4
EIF2B5 (8893),EIF2B5
EIF2S1 (1965),EIF2S1
EIF2S2 (8894),EIF2S2
EIF2S3 (1968),EIF2S3
EIF3A (8661),EIF3A
EIF3B (8662),EIF3B
EIF3D (8664),EIF3D
EIF3E (3646),EIF3E
EIF3F (8665),EIF3F
EIF3G (8666),EIF3G
EIF3H (8667),EIF3H
EIF3I (8668),EIF3I
EIF3J (8669),EIF3J
EIF3M (10480),EIF3M
EIF4A1 (1973),EIF4A1
EIF4A3 (9775),EIF4A3
EIF4B (1975),EIF4B
EIF4E (1977),EIF4E
EIF4G1 (1981),EIF4G1
EIF4G2 (1982),EIF4G2
EIF5 (1983),EIF5
EIF5A (1984),EIF5A
EIF5AL1 (143244),EIF5AL1
EIF5B (9669),EIF5B
EIF6 (3692),EIF6
ELAC2 (60528),ELAC2
ELL (8178),ELL
ELOB (6923),ELOB
ELOC (6921),ELOC
ELP1 (8518),ELP1
ELP2 (55250),ELP2
ELP3 (55140),ELP3
ELP4 (26610),ELP4
ELP5 (23587),ELP5
ELP6 (54859),ELP6
EMC7 (56851),EMC7
ENY2 (56943),ENY2
EP400 (57634),EP400
EPOP (100170841),EPOP
EPRS1 (2058),EPRS1
ERCC2 (2068),ERCC2
ERCC3 (2071),ERCC3
ERH (2079),ERH
ERVW-1 (30816),ERVW-1
ESF1 (51575),ESF1
ESPL1 (9700),ESPL1
ESS2 (8220),ESS2
ETF1 (2107),ETF1
EWSR1 (2130),EWSR1
EXOC1 (55763),EXOC1
EXOC1L (644145),EXOC1L
EXOC2 (55770),EXOC2
EXOC3 (11336),EXOC3
EXOC5 (10640),EXOC5
EXOC8 (149371),EXOC8
EXOSC1 (51013),EXOSC1
EXOSC10 (5394),EXOSC10
EXOSC2 (23404),EXOSC2
EXOSC3 (51010),EXOSC3
EXOSC4 (54512),EXOSC4
EXOSC5 (56915),EXOSC5
EXOSC6 (118460),EXOSC6
EXOSC7 (23016),EXOSC7
EXOSC8 (11340),EXOSC8
EXOSC9 (5393),EXOSC9
FAAP100 (80233),FAAP100
FAAP24 (91442),FAAP24
FAM133B (257415),FAM133B
FAM136A (84908),FAM136A
FAM168A (23201),FAM168A
FAM227A (646851),FAM227A
FAM32A (26017),FAM32A
FANCM (57697),FANCM
FARSA (2193),FARSA
FARSB (10056),FARSB
FAU (2197),FAU
FBL (2091),FBL
FBLIM1 (54751),FBLIM1
FBRS (64319),FBRS
FBXO5 (26271),FBXO5
FCF1 (51077),FCF1
FCGR1A (2209),FCGR1A
FDPS (2224),FDPS
FDX2 (112812),FDX2
FDXR (2232),FDXR
FECH (2235),FECH
FEN1 (2237),FEN1
FER1L5 (90342),FER1L5
FERMT3 (83706),FERMT3
FIP1L1 (81608),FIP1L1
FNBP4 (23360),FNBP4
FNTA (2339),FNTA
FNTB (2342),FNTB
FOXD4 (2298),FOXD4
FTH1 (2495),FTH1
FTSJ3 (117246),FTSJ3
FXN (2395),FXN
GABPA (2551),GABPA
GABPB1 (2553),GABPB1
GAK (2580),GAK
GAPDH (2597),GAPDH
GAR1 (54433),GAR1
GARS1 (2617),GARS1
GART (2618),GART
GBF1 (8729),GBF1
GCSH (2653),GCSH
GEMIN2 (8487),GEMIN2
GEMIN4 (50628),GEMIN4
GEMIN5 (25929),GEMIN5
GEMIN6 (79833),GEMIN6
GEMIN7 (79760),GEMIN7
GEMIN8 (54960),GEMIN8
GET3 (439),GET3
GFER (2671),GFER
GFPT1 (2673),GFPT1
GGPS1 (9453),GGPS1
GGTLC2 (91227),GGTLC2
GINS1 (9837),GINS1
GINS2 (51659),GINS2
GINS3 (64785),GINS3
GINS4 (84296),GINS4
GLE1 (2733),GLE1
GMPPB (29925),GMPPB
GMPS (8833),GMPS
GNB1L (54584),GNB1L
GNL2 (29889),GNL2
GNL3 (26354),GNL3
GNL3L (54552),GNL3L
GOLGA6B (55889),GOLGA6B
GOLGA6D (653643),GOLGA6D
GOLGA6L6 (727832),GOLGA6L6
GOLGA8N (643699),GOLGA8N
GOLGA8R (101059918),GOLGA8R
GON4L (54856),GON4L
GOSR2 (9570),GOSR2
GOT2 (2806),GOT2
GPATCH1 (55094),GPATCH1
GPKOW (27238),GPKOW
GPN1 (11321),GPN1
GPN2 (54707),GPN2
GPN3 (51184),GPN3
GPR61 (83873),GPR61
GPS1 (2873),GPS1
GPX4 (2879),GPX4
GRAP (10750),GRAP
GRPEL1 (80273),GRPEL1
GRWD1 (83743),GRWD1
GSDMA (284110),GSDMA
GSG1L2 (644070),GSG1L2
GSPT1 (2935),GSPT1
GTF2A1 (2957),GTF2A1
GTF2A2 (2958),GTF2A2
GTF2B (2959),GTF2B
GTF2E1 (2960),GTF2E1
GTF2E2 (2961),GTF2E2
GTF2F1 (2962),GTF2F1
GTF2F2 (2963),GTF2F2
GTF2H1 (2965),GTF2H1
GTF2H3 (2967),GTF2H3
GTF2H4 (2968),GTF2H4
GTF3A (2971),GTF3A
GTF3C1 (2975),GTF3C1
GTF3C2 (2976),GTF3C2
GTF3C3 (9330),GTF3C3
GTF3C4 (9329),GTF3C4
GTF3C5 (9328),GTF3C5
GTPBP4 (23560),GTPBP4
GUK1 (2987),GUK1
H1-2 (3006),H1-2
H2AC11 (8969),H2AC11
H2AC12 (85235),H2AC12
H2AC15 (8330),H2AC15
H2AC16 (8332),H2AC16
H2AC17 (8336),H2AC17
H2AC20 (8338),H2AC20
H2AC25 (92815),H2AC25
H2AC4 (8335),H2AC4
H2AC6 (8334),H2AC6
H2AC7 (3013),H2AC7
H2AC8 (3012),H2AC8
H2AJ (55766),H2AJ
H2AX (3014),H2AX
H2AZ1 (3015),H2AZ1
H2BC11 (8970),H2BC11
H2BC12 (85236),H2BC12
H2BC13 (8340),H2BC13
H2BC15 (8341),H2BC15
H2BC21 (8349),H2BC21
H2BC4 (8347),H2BC4
H2BC5 (3017),H2BC5
H2BC6 (8344),H2BC6
H2BC8 (8339),H2BC8
H2BC9 (8345),H2BC9
H3-3A (3020),H3-3A
H3C4 (8351),H3C4
H3C8 (8355),H3C8
HAP1 (9001),HAP1
HAPLN2 (60484),HAPLN2
HARS1 (3035),HARS1
HAUS1 (115106),HAUS1
HAUS2 (55142),HAUS2
HAUS3 (79441),HAUS3
HAUS4 (54930),HAUS4
HAUS5 (23354),HAUS5
HAUS6 (54801),HAUS6
HAUS7 (55559),HAUS7
HAUS8 (93323),HAUS8
HCFC1 (3054),HCFC1
HDAC3 (8841),HDAC3
HEATR1 (55127),HEATR1
HEATR5A (25938),HEATR5A
HGS (9146),HGS
HIGD2A (192286),HIGD2A
HIGD2B (123346),HIGD2B
HINFP (25988),HINFP
HIRA (7290),HIRA
HJURP (55355),HJURP
HJV (148738),HJV
HMGA1 (3159),HMGA1
HMGCR (3156),HMGCR
HMGCS1 (3157),HMGCS1
HMGN2 (3151),HMGN2
HNRNPC (3183),HNRNPC
HNRNPH1 (3187),HNRNPH1
HNRNPK (3190),HNRNPK
HNRNPL (3191),HNRNPL
HNRNPM (4670),HNRNPM
HNRNPU (3192),HNRNPU
HRK (8739),HRK
HS6ST1 (9394),HS6ST1
HSCB (150274),HSCB
HSP90B1 (7184),HSP90B1
HSPA5 (3309),HSPA5
HSPA8 (3312),HSPA8
HSPA9 (3313),HSPA9
HSPD1 (3329),HSPD1
HSPE1 (3336),HSPE1
HTATSF1 (27336),HTATSF1
HUWE1 (10075),HUWE1
HYOU1 (10525),HYOU1
HYPK (25764),HYPK
IARS1 (3376),IARS1
IARS2 (55699),IARS2
ICE1 (23379),ICE1
IDH3A (3419),IDH3A
IFITM3 (10410),IFITM3
IGBP1 (3476),IGBP1
IK (3550),IK
ILF2 (3608),ILF2
ILF3 (3609),ILF3
IMMT (10989),IMMT
IMP3 (55272),IMP3
IMP4 (92856),IMP4
IMPDH2 (3615),IMPDH2
INCENP (3619),INCENP
INHBE (83729),INHBE
INO80 (54617),INO80
INO80B (83444),INO80B
INTS1 (26173),INTS1
INTS11 (54973),INTS11
INTS13 (55726),INTS13
INTS2 (57508),INTS2
INTS3 (65123),INTS3
INTS4 (92105),INTS4
INTS5 (80789),INTS5
INTS6 (26512),INTS6
INTS7 (25896),INTS7
INTS8 (55656),INTS8
INTS9 (55756),INTS9
IPO11 (51194),IPO11
IPO13 (9670),IPO13
IPO7 (10527),IPO7
IPO9 (55705),IPO9
ISCA2 (122961),ISCA2
ISCU (23479),ISCU
ISG20L2 (81875),ISG20L2
ISY1 (57461),ISY1
JMJD6 (23210),JMJD6
KANSL1 (284058),KANSL1
KANSL2 (54934),KANSL2
KANSL3 (55683),KANSL3
KARS1 (3735),KARS1
KAT5 (10524),KAT5
KAT7 (11143),KAT7
KAT8 (84148),KAT8
KCMF1 (56888),KCMF1
KCNJ9 (3765),KCNJ9
KDM2A (22992),KDM2A
KDM8 (79831),KDM8
KIAA1143 (57456),KIAA1143
KIF11 (3832),KIF11
KIF14 (9928),KIF14
KIF18A (81930),KIF18A
KIF18B (146909),KIF18B
KIF20A (10112),KIF20A
KIF23 (9493),KIF23
KIF4A (24137),KIF4A
KIFBP (26128),KIFBP
KIN (22944),KIN
KLC2 (64837),KLC2
KLHL11 (55175),KLHL11
KMT5A (387893),KMT5A
KMT5B (51111),KMT5B
KNL1 (57082),KNL1
KPNA2 (3838),KPNA2
KPNB1 (3837),KPNB1
KRI1 (65095),KRI1
KRR1 (11103),KRR1
KRT8 (3856),KRT8
KRTAP21-1 (337977),KRTAP21-1
KRTAP4-11 (653240),KRTAP4-11
KRTAP4-2 (85291),KRTAP4-2
KRTAP4-3 (85290),KRTAP4-3
KRTAP5-11 (440051),KRTAP5-11
KRTAP5-7 (440050),KRTAP5-7
KTI12 (112970),KTI12
LACTB (114294),LACTB
LAMTOR2 (28956),LAMTOR2
LAMTOR3 (8649),LAMTOR3
LAMTOR4 (389541),LAMTOR4
LARS1 (51520),LARS1
LAS1L (81887),LAS1L
LCE1F (353137),LCE1F
LCE2A (353139),LCE2A
LCE2C (353140),LCE2C
LCE3A (353142),LCE3A
LCE5A (254910),LCE5A
LDHA (3939),LDHA
LENG1 (79165),LENG1
LENG8 (114823),LENG8
LETM1 (3954),LETM1
LGALS9 (3965),LGALS9
LGALS9B (284194),LGALS9B
LIAS (11019),LIAS
LIG3 (3980),LIG3
LIN52 (91750),LIN52
LIN9 (286826),LIN9
LLPH (84298),LLPH
LMBR1L (55716),LMBR1L
LMNA (4000),LMNA
LOC112694756 (112694756),LOC112694756
LONP1 (9361),LONP1
LRPPRC (10128),LRPPRC
LRR1 (122769),LRR1
LSG1 (55341),LSG1
LSM10 (84967),LSM10
LSM11 (134353),LSM11
LSM14A (26065),LSM14A
LSM2 (57819),LSM2
LSM3 (27258),LSM3
LSM4 (25804),LSM4
LSM5 (23658),LSM5
LSM6 (11157),LSM6
LSM7 (51690),LSM7
LSM8 (51691),LSM8
LST1 (7940),LST1
LTB4R (1241),LTB4R
LTF (4057),LTF
LTO1 (220064),LTO1
LTV1 (84946),LTV1
LUC7L3 (51747),LUC7L3
LYRM4 (57128),LYRM4
LYSMD1 (388695),LYSMD1
MAD2L1 (4085),MAD2L1
MAD2L1BP (9587),MAD2L1BP
MAD2L2 (10459),MAD2L2
MAGOH (4116),MAGOH
MAK16 (84549),MAK16
MALL (7851),MALL
MAP4K5 (11183),MAP4K5
MARCHF9 (92979),MARCHF9
MARS1 (4141),MARS1
MARS2 (92935),MARS2
MASTL (84930),MASTL
MAT2A (4144),MAT2A
MAX (4149),MAX
MBTD1 (54799),MBTD1
MCL1 (4170),MCL1
MCM10 (55388),MCM10
MCM2 (4171),MCM2
MCM3 (4172),MCM3
MCM3AP (8888),MCM3AP
MCM4 (4173),MCM4
MCM5 (4174),MCM5
MCM6 (4175),MCM6
MCM7 (4176),MCM7
MCMBP (79892),MCMBP
MCRS1 (10445),MCRS1
MDM2 (4193),MDM2
MDN1 (23195),MDN1
MEAF6 (64769),MEAF6
MED10 (84246),MED10
MED11 (400569),MED11
MED14 (9282),MED14
MED17 (9440),MED17
MED18 (54797),MED18
MED20 (9477),MED20
MED21 (9412),MED21
MED22 (6837),MED22
MED26 (9441),MED26
MED27 (9442),MED27
MED28 (80306),MED28
MED29 (55588),MED29
MED30 (90390),MED30
MED31 (51003),MED31
MED4 (29079),MED4
MED6 (10001),MED6
MED7 (9443),MED7
MED8 (112950),MED8
MED9 (55090),MED9
MEPCE (56257),MEPCE
METAP1 (23173),METAP1
METAP2 (10988),METAP2
METTL14 (57721),METTL14
METTL15 (196074),METTL15
METTL16 (79066),METTL16
METTL17 (64745),METTL17
METTL3 (56339),METTL3
MFAP1 (4236),MFAP1
MFN2 (9927),MFN2
MILR1 (284021),MILR1
MINDY4B (646951),MINDY4B
MIS12 (79003),MIS12
MIS18A (54069),MIS18A
MIS18BP1 (55320),MIS18BP1
MMS19 (64210),MMS19
MMS22L (253714),MMS22L
MNAT1 (4331),MNAT1
MOB4 (25843),MOB4
MOCS3 (27304),MOCS3
MPHOSPH10 (10199),MPHOSPH10
MRGBP (55257),MRGBP
MRPL10 (124995),MRPL10
MRPL17 (63875),MRPL17
MRPL21 (219927),MRPL21
MRPL24 (79590),MRPL24
MRPL27 (51264),MRPL27
MRPL32 (64983),MRPL32
MRPL34 (64981),MRPL34
MRPL35 (51318),MRPL35
MRPL36 (64979),MRPL36
MRPL38 (64978),MRPL38
MRPL4 (51073),MRPL4
MRPL41 (64975),MRPL41
MRPL43 (84545),MRPL43
MRPL45 (84311),MRPL45
MRPL49 (740),MRPL49
MRPL51 (51258),MRPL51
MRPL53 (116540),MRPL53
MRPL55 (128308),MRPL55
MRPL57 (78988),MRPL57
MRPL58 (3396),MRPL58
MRPL9 (65005),MRPL9
MRPS10 (55173),MRPS10
MRPS11 (64963),MRPS11
MRPS12 (6183),MRPS12
MRPS14 (63931),MRPS14
MRPS15 (64960),MRPS15
MRPS16 (51021),MRPS16
MRPS18A (55168),MRPS18A
MRPS18B (28973),MRPS18B
MRPS21 (54460),MRPS21
MRPS22 (56945),MRPS22
MRPS23 (51649),MRPS23
MRPS27 (23107),MRPS27
MRPS28 (28957),MRPS28
MRPS34 (65993),MRPS34
MRPS35 (60488),MRPS35
MRPS5 (64969),MRPS5
MRPS7 (51081),MRPS7
MRTO4 (51154),MRTO4
MSTO1 (55154),MSTO1
MT1B (4490),MT1B
MT1E (4493),MT1E
MT2A (4502),MT2A
MTBP (27085),MTBP
MTIF2 (4528),MTIF2
MTOR (2475),MTOR
MTREX (23517),MTREX
MVK (4598),MVK
MYBBP1A (10514),MYBBP1A
MYC (4609),MYC
MYCBPAP (84073),MYCBPAP
MYG1 (60314),MYG1
MYO18A (399687),MYO18A
MZT1 (440145),MZT1
MZT2A (653784),MZT2A
NAA10 (8260),NAA10
NAA15 (80155),NAA15
NAA20 (51126),NAA20
NAA25 (80018),NAA25
NAA30 (122830),NAA30
NAA35 (60560),NAA35
NAA38 (84316),NAA38
NAA50 (80218),NAA50
NACA (4666),NACA
NACA2 (342538),NACA2
NAE1 (8883),NAE1
NAF1 (92345),NAF1
NAIP (4671),NAIP
NAPA (8775),NAPA
NAPG (8774),NAPG
NARS1 (4677),NARS1
NASP (4678),NASP
NAT10 (55226),NAT10
NBAS (51594),NBAS
NCAPD2 (9918),NCAPD2
NCAPD3 (23310),NCAPD3
NCAPG (64151),NCAPG
NCAPG2 (54892),NCAPG2
NCAPH (23397),NCAPH
NCAPH2 (29781),NCAPH2
NCBP1 (4686),NCBP1
NCBP2 (22916),NCBP2
NCL (4691),NCL
NCOA4 (8031),NCOA4
NDC1 (55706),NDC1
NDC80 (10403),NDC80
NDOR1 (27158),NDOR1
NDUFA11 (126328),NDUFA11
NDUFA13 (51079),NDUFA13
NDUFA2 (4695),NDUFA2
NDUFA4 (4697),NDUFA4
NDUFA6 (4700),NDUFA6
NDUFAB1 (4706),NDUFAB1
NDUFAF1 (51103),NDUFAF1
NDUFAF3 (25915),NDUFAF3
NDUFAF8 (284184),NDUFAF8
NDUFB1 (4707),NDUFB1
NDUFB10 (4716),NDUFB10
NDUFB3 (4709),NDUFB3
NDUFB4 (4710),NDUFB4
NDUFB7 (4713),NDUFB7
NDUFB9 (4715),NDUFB9
NDUFC2 (4718),NDUFC2
NDUFS2 (4720),NDUFS2
NDUFS5 (4725),NDUFS5
NDUFS8 (4728),NDUFS8
NEDD1 (121441),NEDD1
NEDD8 (4738),NEDD8
NELFA (7469),NELFA
NELFB (25920),NELFB
NELFCD (51497),NELFCD
NELFE (7936),NELFE
NEPRO (25871),NEPRO
NFATC2IP (84901),NFATC2IP
NFE2L3 (9603),NFE2L3
NFS1 (9054),NFS1
NFYB (4801),NFYB
NFYC (4802),NFYC
NGDN (25983),NGDN
NHP2 (55651),NHP2
NIFK (84365),NIFK
NIP7 (51388),NIP7
NIPBL (25836),NIPBL
NISCH (11188),NISCH
NKAP (79576),NKAP
NLE1 (54475),NLE1
NMD3 (51068),NMD3
NME2 (4831),NME2
NMT1 (4836),NMT1
NOB1 (28987),NOB1
NOC2L (26155),NOC2L
NOC3L (64318),NOC3L
NOC4L (79050),NOC4L
NOL10 (79954),NOL10
NOL11 (25926),NOL11
NOL12 (79159),NOL12
NOL6 (65083),NOL6
NOL7 (51406),NOL7
NOL8 (55035),NOL8
NOL9 (79707),NOL9
NOLC1 (9221),NOLC1
NOM1 (64434),NOM1
NOP10 (55505),NOP10
NOP14 (8602),NOP14
NOP16 (51491),NOP16
NOP2 (4839),NOP2
NOP53 (29997),NOP53
NOP56 (10528),NOP56
NOP58 (51602),NOP58
NOP9 (161424),NOP9
NOPCHAP1 (121053),NOPCHAP1
NPAT (4863),NPAT
NPEPPS (9520),NPEPPS
NPLOC4 (55666),NPLOC4
NPM1 (4869),NPM1
NRBP1 (29959),NRBP1
NRDC (4898),NRDC
NRDE2 (55051),NRDE2
NRF1 (4899),NRF1
NSA2 (10412),NSA2
NSF (4905),NSF
NSL1 (25936),NSL1
NSMCE1 (197370),NSMCE1
NSMCE2 (286053),NSMCE2
NSMCE3 (56160),NSMCE3
NSMCE4A (54780),NSMCE4A
NSRP1 (84081),NSRP1
NUBP1 (4682),NUBP1
NUBP2 (10101),NUBP2
NUDC (10726),NUDC
NUDCD3 (23386),NUDCD3
NUDT18 (79873),NUDT18
NUDT21 (11051),NUDT21
NUF2 (83540),NUF2
NUFIP1 (26747),NUFIP1
NUMA1 (4926),NUMA1
NUP107 (57122),NUP107
NUP133 (55746),NUP133
NUP153 (9972),NUP153
NUP155 (9631),NUP155
NUP160 (23279),NUP160
NUP205 (23165),NUP205
NUP214 (8021),NUP214
NUP35 (129401),NUP35
NUP43 (348995),NUP43
NUP50 (10762),NUP50
NUP54 (53371),NUP54
NUP58 (9818),NUP58
NUP62 (23636),NUP62
NUP85 (79902),NUP85
NUP88 (4927),NUP88
NUP93 (9688),NUP93
NUP98 (4928),NUP98
NUS1 (116150),NUS1
NUTF2 (10204),NUTF2
NUTM2A (728118),NUTM2A
NVL (4931),NVL
NXF1 (10482),NXF1
ODAD4 (83538),ODAD4
OGDH (4967),OGDH
OGT (8473),OGT
OIP5 (11339),OIP5
OPA1 (4976),OPA1
OR10C1 (442194),OR10C1
OR1D2 (4991),OR1D2
OR1E2 (8388),OR1E2
OR4A47 (403253),OR4A47
OR4C46 (119749),OR4C46
OR4D9 (390199),OR4D9
OR4K1 (79544),OR4K1
OR56A4 (120793),OR56A4
OR6C6 (283365),OR6C6
OR6J1 (79549),OR6J1
OR7A10 (390892),OR7A10
OR7A17 (26333),OR7A17
OR7G2 (390882),OR7G2
ORC1 (4998),ORC1
ORC2 (4999),ORC2
ORC3 (23595),ORC3
ORC4 (5000),ORC4
ORC5 (5001),ORC5
ORC6 (23594),ORC6
OS9 (10956),OS9
OSBP (5007),OSBP
OSGEP (55644),OSGEP
OSTC (58505),OSTC
OTOGL (283310),OTOGL
OXA1L (5018),OXA1L
PA2G4 (5036),PA2G4
PABPC1 (26986),PABPC1
PABPN1 (8106),PABPN1
PADI6 (353238),PADI6
PAF1 (54623),PAF1
PAFAH1B1 (5048),PAFAH1B1
PAICS (10606),PAICS
PAK1IP1 (55003),PAK1IP1
PAM16 (51025),PAM16
PARG (8505),PARG
PARS2 (25973),PARS2
PAXBP1 (94104),PAXBP1
PC (5091),PC
PCBP1 (5093),PCBP1
PCBP2 (5094),PCBP2
PCF11 (51585),PCF11
PCID2 (55795),PCID2
PCNA (5111),PCNA
PCNX3 (399909),PCNX3
PCYT1A (5130),PCYT1A
PDAP1 (11333),PDAP1
PDCD11 (22984),PDCD11
PDCD2 (5134),PDCD2
PDCD5 (9141),PDCD5
PDCD7 (10081),PDCD7
PDCL3 (79031),PDCL3
PDE4DIP (9659),PDE4DIP
PDPK1 (5170),PDPK1
PDRG1 (81572),PDRG1
PEF1 (553115),PEF1
PELO (53918),PELO
PELP1 (27043),PELP1
PES1 (23481),PES1
PFDN1 (5201),PFDN1
PFDN2 (5202),PFDN2
PFDN5 (5204),PFDN5
PFDN6 (10471),PFDN6
PFN1 (5216),PFN1
PGAM1 (5223),PGAM1
PGD (5226),PGD
PGGT1B (5229),PGGT1B
PGS1 (9489),PGS1
PHAX (51808),PHAX
PHB1 (5245),PHB1
PHB2 (11331),PHB2
PHF5A (84844),PHF5A
PI4KA (5297),PI4KA
PIK3CA (5290),PIK3CA
PIK3R4 (30849),PIK3R4
PIP5K1A (8394),PIP5K1A
PISD (23761),PISD
PKD1L3 (342372),PKD1L3
PKM (5315),PKM
PKMYT1 (9088),PKMYT1
PLEKHM1 (9842),PLEKHM1
PLET1 (349633),PLET1
PLK1 (5347),PLK1
PLK4 (10733),PLK4
PLRG1 (5356),PLRG1
PMF1 (11243),PMF1
PMPCA (23203),PMPCA
PMPCB (9512),PMPCB
PNISR (25957),PNISR
PNN (5411),PNN
PNO1 (56902),PNO1
PNPT1 (87178),PNPT1
POLA1 (5422),POLA1
POLA2 (23649),POLA2
POLD1 (5424),POLD1
POLD2 (5425),POLD2
POLD3 (10714),POLD3
POLDIP2 (26073),POLDIP2
POLE (5426),POLE
POLE2 (5427),POLE2
POLR1A (25885),POLR1A
POLR1B (84172),POLR1B
POLR1C (9533),POLR1C
POLR1D (51082),POLR1D
POLR1E (64425),POLR1E
POLR1F (221830),POLR1F
POLR1G (10849),POLR1G
POLR1H (30834),POLR1H
POLR2B (5431),POLR2B
POLR2C (5432),POLR2C
POLR2D (5433),POLR2D
POLR2E (5434),POLR2E
POLR2F (5435),POLR2F
POLR2G (5436),POLR2G
POLR2H (5437),POLR2H
POLR2I (5438),POLR2I
POLR2K (5440),POLR2K
POLR2L (5441),POLR2L
POLR2M (81488),POLR2M
POLR3A (11128),POLR3A
POLR3B (55703),POLR3B
POLR3C (10623),POLR3C
POLR3D (661),POLR3D
POLR3E (55718),POLR3E
POLR3F (10621),POLR3F
POLR3H (171568),POLR3H
POLR3K (51728),POLR3K
POLRMT (5442),POLRMT
POM121C (100101267),POM121C
POMP (51371),POMP
POP1 (10940),POP1
POP4 (10775),POP4
POP5 (51367),POP5
POP7 (10248),POP7
POTEG (404785),POTEG
POTEI (653269),POTEI
POU2F1 (5451),POU2F1
PPA1 (5464),PPA1
PPAN (56342),PPAN
PPAT (5471),PPAT
PPIA (5478),PPIA
PPIE (10450),PPIE
PPIL1 (51645),PPIL1
PPIL2 (23759),PPIL2
PPIL4 (85313),PPIL4
PPP1CA (5499),PPP1CA
PPP1CB (5500),PPP1CB
PPP1R10 (5514),PPP1R10
PPP1R11 (6992),PPP1R11
PPP1R12A (4659),PPP1R12A
PPP1R14B (26472),PPP1R14B
PPP1R15B (84919),PPP1R15B
PPP1R2 (5504),PPP1R2
PPP1R7 (5510),PPP1R7
PPP1R8 (5511),PPP1R8
PPP2CA (5515),PPP2CA
PPP2R1A (5518),PPP2R1A
PPP2R3C (55012),PPP2R3C
PPP4C (5531),PPP4C
PPRC1 (23082),PPRC1
PPWD1 (23398),PPWD1
PRAC1 (84366),PRAC1
PRC1 (9055),PRC1
PRCC (5546),PRCC
PRDM10 (56980),PRDM10
PRDX2 (7001),PRDX2
PREB (10113),PREB
PRELID1 (27166),PRELID1
PRELID3B (51012),PRELID3B
PRIM1 (5557),PRIM1
PRIM2 (5558),PRIM2
PRKDC (5591),PRKDC
PRKRA (8575),PRKRA
PRMT1 (3276),PRMT1
PRMT5 (10419),PRMT5
PRPF18 (8559),PRPF18
PRPF19 (27339),PRPF19
PRPF3 (9129),PRPF3
PRPF31 (26121),PRPF31
PRPF38A (84950),PRPF38A
PRPF38B (55119),PRPF38B
PRPF39 (55015),PRPF39
PRPF4 (9128),PRPF4
PRPF40A (55660),PRPF40A
PRPF4B (8899),PRPF4B
PRPF6 (24148),PRPF6
PRPF8 (10594),PRPF8
PRR13 (54458),PRR13
PRR20G (100419008),PRR20G
PRRC2A (7916),PRRC2A
PRUNE1 (58497),PRUNE1
PSMA1 (5682),PSMA1
PSMA2 (5683),PSMA2
PSMA3 (5684),PSMA3
PSMA4 (5685),PSMA4
PSMA5 (5686),PSMA5
PSMA6 (5687),PSMA6
PSMA7 (5688),PSMA7
PSMB1 (5689),PSMB1
PSMB2 (5690),PSMB2
PSMB3 (5691),PSMB3
PSMB4 (5692),PSMB4
PSMB5 (5693),PSMB5
PSMB6 (5694),PSMB6
PSMB7 (5695),PSMB7
PSMC1 (5700),PSMC1
PSMC2 (5701),PSMC2
PSMC3 (5702),PSMC3
PSMC4 (5704),PSMC4
PSMC5 (5705),PSMC5
PSMC6 (5706),PSMC6
PSMD1 (5707),PSMD1
PSMD11 (5717),PSMD11
PSMD12 (5718),PSMD12
PSMD13 (5719),PSMD13
PSMD14 (10213),PSMD14
PSMD2 (5708),PSMD2
PSMD3 (5709),PSMD3
PSMD4 (5710),PSMD4
PSMD6 (9861),PSMD6
PSMD7 (5713),PSMD7
PSMD8 (5714),PSMD8
PSMG2 (56984),PSMG2
PSMG3 (84262),PSMG3
PSMG4 (389362),PSMG4
PTCD3 (55037),PTCD3
PTK2 (5747),PTK2
PTMA (5757),PTMA
PTMS (5763),PTMS
PTPA (5524),PTPA
PTPN11 (5781),PTPN11
PTPN23 (25930),PTPN23
PTTG1 (9232),PTTG1
PTTG1IP2 (102723899),PTTG1IP2
PUF60 (22827),PUF60
PWP1 (11137),PWP1
PWP2 (5822),PWP2
PYDC5 (107181291),PYDC5
PYROXD1 (79912),PYROXD1
PYURF (100996939),PYURF
QARS1 (5859),QARS1
RAB1A (5861),RAB1A
RAB1B (81876),RAB1B
RAB7A (7879),RAB7A
RABGGTA (5875),RABGGTA
RABGGTB (5876),RABGGTB
RABL2A (11159),RABL2A
RAC1 (5879),RAC1
RACGAP1 (29127),RACGAP1
RACK1 (10399),RACK1
RAD1 (5810),RAD1
RAD17 (5884),RAD17
RAD21 (5885),RAD21
RAD51 (5888),RAD51
RAD51C (5889),RAD51C
RAD51D (5892),RAD51D
RAD9A (5883),RAD9A
RAE1 (8480),RAE1
RAN (5901),RAN
RANBP1 (5902),RANBP1
RANBP2 (5903),RANBP2
RANGAP1 (5905),RANGAP1
RAP1B (5908),RAP1B
RARS1 (5917),RARS1
RBBP4 (5928),RBBP4
RBBP5 (5929),RBBP5
RBBP6 (5930),RBBP6
RBBP8 (5932),RBBP8
RBM14 (10432),RBM14
RBM17 (84991),RBM17
RBM19 (9904),RBM19
RBM22 (55696),RBM22
RBM25 (58517),RBM25
RBM28 (55131),RBM28
RBM39 (9584),RBM39
RBM42 (79171),RBM42
RBM48 (84060),RBM48
RBM8A (9939),RBM8A
RBMX (27316),RBMX
RBMX2 (51634),RBMX2
RBMXL1 (494115),RBMXL1
RBX1 (9978),RBX1
RCC1 (1104),RCC1
RCL1 (10171),RCL1
RDM1 (201299),RDM1
RELA (5970),RELA
REV3L (5980),REV3L
RFC1 (5981),RFC1
RFC2 (5982),RFC2
RFC3 (5983),RFC3
RFC4 (5984),RFC4
RFC5 (5985),RFC5
RFT1 (91869),RFT1
RFWD3 (55159),RFWD3
RGP1 (9827),RGP1
RGPD4 (285190),RGPD4
RHEB (6009),RHEB
RHOQ (23433),RHOQ
RICTOR (253260),RICTOR
RINT1 (60561),RINT1
RIOK1 (83732),RIOK1
RIOK2 (55781),RIOK2
RMI1 (80010),RMI1
RNF113A (7737),RNF113A
RNF168 (165918),RNF168
RNF20 (56254),RNF20
RNF212B (100507650),RNF212B
RNF4 (6047),RNF4
RNF40 (9810),RNF40
RNF8 (9025),RNF8
RNGTT (8732),RNGTT
RNMT (8731),RNMT
RNPC3 (55599),RNPC3
RNPS1 (10921),RNPS1
ROMO1 (140823),ROMO1
RPA1 (6117),RPA1
RPA2 (6118),RPA2
RPA3 (6119),RPA3
RPAIN (84268),RPAIN
RPAP1 (26015),RPAP1
RPAP2 (79871),RPAP2
RPAP3 (79657),RPAP3
RPE (6120),RPE
RPF1 (80135),RPF1
RPF2 (84154),RPF2
RPL10 (6134),RPL10
RPL10A (4736),RPL10A
RPL11 (6135),RPL11
RPL12 (6136),RPL12
RPL13 (6137),RPL13
RPL13A (23521),RPL13A
RPL14 (9045),RPL14
RPL15 (6138),RPL15
RPL17 (6139),RPL17
RPL18 (6141),RPL18
RPL18A (6142),RPL18A
RPL19 (6143),RPL19
RPL21 (6144),RPL21
RPL22 (6146),RPL22
RPL23 (9349),RPL23
RPL23A (6147),RPL23A
RPL24 (6152),RPL24
RPL26 (6154),RPL26
RPL26L1 (51121),RPL26L1
RPL27 (6155),RPL27
RPL27A (6157),RPL27A
RPL28 (6158),RPL28
RPL3 (6122),RPL3
RPL30 (6156),RPL30
RPL31 (6160),RPL31
RPL32 (6161),RPL32
RPL34 (6164),RPL34
RPL35 (11224),RPL35
RPL35A (6165),RPL35A
RPL36 (25873),RPL36
RPL36A (6173),RPL36A
RPL36AL (6166),RPL36AL
RPL37 (6167),RPL37
RPL37A (6168),RPL37A
RPL38 (6169),RPL38
RPL39 (6170),RPL39
RPL4 (6124),RPL4
RPL5 (6125),RPL5
RPL6 (6128),RPL6
RPL7 (6129),RPL7
RPL7A (6130),RPL7A
RPL7L1 (285855),RPL7L1
RPL8 (6132),RPL8
RPL9 (6133),RPL9
RPLP0 (6175),RPLP0
RPLP1 (6176),RPLP1
RPLP2 (6181),RPLP2
RPN1 (6184),RPN1
RPN2 (6185),RPN2
RPP14 (11102),RPP14
RPP21 (79897),RPP21
RPP30 (10556),RPP30
RPP38 (10557),RPP38
RPP40 (10799),RPP40
RPS10 (6204),RPS10
RPS11 (6205),RPS11
RPS12 (6206),RPS12
RPS13 (6207),RPS13
RPS14 (6208),RPS14
RPS15 (6209),RPS15
RPS15A (6210),RPS15A
RPS16 (6217),RPS16
RPS17 (6218),RPS17
RPS18 (6222),RPS18
RPS19 (6223),RPS19
RPS19BP1 (91582),RPS19BP1
RPS2 (6187),RPS2
RPS20 (6224),RPS20
RPS21 (6227),RPS21
RPS23 (6228),RPS23
RPS24 (6229),RPS24
RPS25 (6230),RPS25
RPS27A (6233),RPS27A
RPS28 (6234),RPS28
RPS29 (6235),RPS29
RPS3 (6188),RPS3
RPS3A (6189),RPS3A
RPS4X (6191),RPS4X
RPS5 (6193),RPS5
RPS6 (6194),RPS6
RPS7 (6201),RPS7
RPS8 (6202),RPS8
RPS9 (6203),RPS9
RPSA (3921),RPSA
RPTOR (57521),RPTOR
RRAGA (10670),RRAGA
RRM1 (6240),RRM1
RRM2 (6241),RRM2
RRN3 (54700),RRN3
RRP1 (8568),RRP1
RRP12 (23223),RRP12
RRP15 (51018),RRP15
RRP36 (88745),RRP36
RRP7A (27341),RRP7A
RRP9 (9136),RRP9
RRS1 (23212),RRS1
RSAD1 (55316),RSAD1
RSL1D1 (26156),RSL1D1
RSL24D1 (51187),RSL24D1
RSPH9 (221421),RSPH9
RSRC2 (65117),RSRC2
RTCB (51493),RTCB
RTEL1 (51750),RTEL1
RTF1 (23168),RTF1
RTF2 (51507),RTF2
RTN4IP1 (84816),RTN4IP1
RTRAF (51637),RTRAF
RUVBL1 (8607),RUVBL1
RUVBL2 (10856),RUVBL2
SACM1L (22908),SACM1L
SAE1 (10055),SAE1
SAMM50 (25813),SAMM50
SAP130 (79595),SAP130
SAP18 (10284),SAP18
SAP30BP (29115),SAP30BP
SARNP (84324),SARNP
SARS1 (6301),SARS1
SARS2 (54938),SARS2
SART1 (9092),SART1
SART3 (9733),SART3
SASS6 (163786),SASS6
SBDS (51119),SBDS
SBNO1 (55206),SBNO1
SCAMP1 (9522),SCAMP1
SCD (6319),SCD
SCFD1 (23256),SCFD1
SCNM1 (79005),SCNM1
SCYL1 (57410),SCYL1
SDAD1 (55153),SDAD1
SDE2 (163859),SDE2
SDHC (6391),SDHC
SDHD (6392),SDHD
SEC13 (6396),SEC13
SEC16A (9919),SEC16A
SEC22B (9554),SEC22B
SEC61A1 (29927),SEC61A1
SEC61B (10952),SEC61B
SEC61G (23480),SEC61G
SEC63 (11231),SEC63
SEH1L (81929),SEH1L
SEM1 (7979),SEM1
SEMA3B (7869),SEMA3B
SENP6 (26054),SENP6
SEPHS2 (22928),SEPHS2
SEPTIN7 (989),SEPTIN7
SERBP1 (26135),SERBP1
SETD1A (9739),SETD1A
SETD2 (29072),SETD2
SF1 (7536),SF1
SF3A1 (10291),SF3A1
SF3A2 (8175),SF3A2
SF3A3 (10946),SF3A3
SF3B1 (23451),SF3B1
SF3B2 (10992),SF3B2
SF3B3 (23450),SF3B3
SF3B4 (10262),SF3B4
SF3B5 (83443),SF3B5
SF3B6 (51639),SF3B6
SFPQ (6421),SFPQ
SFSWAP (6433),SFSWAP
SGO1 (151648),SGO1
SHLD3 (112441434),SHLD3
SHOX (6473),SHOX
SHQ1 (55164),SHQ1
SIGLEC11 (114132),SIGLEC11
SIN3A (25942),SIN3A
SINHCAF (58516),SINHCAF
SKA1 (220134),SKA1
SKA2 (348235),SKA2
SKA3 (221150),SKA3
SKIC8 (80349),SKIC8
SKP1 (6500),SKP1
SKP2 (6502),SKP2
SLBP (7884),SLBP
SLC22A24 (283238),SLC22A24
SLC25A3 (5250),SLC25A3
SLC25A38 (54977),SLC25A38
SLC25A5 (292),SLC25A5
SLC35B1 (10237),SLC35B1
SLC35F4 (341880),SLC35F4
SLC38A2 (54407),SLC38A2
SLC39A10 (57181),SLC39A10
SLC39A7 (7922),SLC39A7
SLC3A2 (6520),SLC3A2
SLC46A1 (113235),SLC46A1
SLC4A7 (9497),SLC4A7
SLC7A6OS (84138),SLC7A6OS
SLC9B1 (150159),SLC9B1
SLFNL1 (200172),SLFNL1
SLU7 (10569),SLU7
SLX4 (84464),SLX4
SMARCA5 (8467),SMARCA5
SMARCB1 (6598),SMARCB1
SMARCE1 (6605),SMARCE1
SMC1A (8243),SMC1A
SMC2 (10592),SMC2
SMC3 (9126),SMC3
SMC4 (10051),SMC4
SMC5 (23137),SMC5
SMC6 (79677),SMC6
SMG1 (23049),SMG1
SMG5 (23381),SMG5
SMG6 (23293),SMG6
SMG7 (9887),SMG7
SMG8 (55181),SMG8
SMIM3 (85027),SMIM3
SMNDC1 (10285),SMNDC1
SMR3B (10879),SMR3B
SMS (6611),SMS
SMU1 (55234),SMU1
SNAPC1 (6617),SNAPC1
SNAPC2 (6618),SNAPC2
SNAPC3 (6619),SNAPC3
SNAPC4 (6621),SNAPC4
SNAPC5 (10302),SNAPC5
SNF8 (11267),SNF8
SNIP1 (79753),SNIP1
SNRNP200 (23020),SNRNP200
SNRNP25 (79622),SNRNP25
SNRNP27 (11017),SNRNP27
SNRNP35 (11066),SNRNP35
SNRNP40 (9410),SNRNP40
SNRNP48 (154007),SNRNP48
SNRNP70 (6625),SNRNP70
SNRPA1 (6627),SNRPA1
SNRPB (6628),SNRPB
SNRPB2 (6629),SNRPB2
SNRPC (6631),SNRPC
SNRPD1 (6632),SNRPD1
SNRPD2 (6633),SNRPD2
SNRPD3 (6634),SNRPD3
SNRPE (6635),SNRPE
SNRPF (6636),SNRPF
SNRPG (6637),SNRPG
SNU13 (4809),SNU13
SNUPN (10073),SNUPN
SNW1 (22938),SNW1
SOD1 (6647),SOD1
SON (6651),SON
SOWAHC (65124),SOWAHC
SPAG5 (10615),SPAG5
SPATA31A6 (389730),SPATA31A6
SPATA5 (166378),SPATA5
SPATA5L1 (79029),SPATA5L1
SPC24 (147841),SPC24
SPC25 (57405),SPC25
SPCS2 (9789),SPCS2
SPCS3 (60559),SPCS3
SPDL1 (54908),SPDL1
SPDYE1 (285955),SPDYE1
SPDYE3 (441272),SPDYE3
SPINT1 (6692),SPINT1
SPON1 (10418),SPON1
SPOUT1 (51490),SPOUT1
SPRR1B (6699),SPRR1B
SPRR2G (6706),SPRR2G
SPRTN (83932),SPRTN
SPRYD4 (283377),SPRYD4
SPTLC1 (10558),SPTLC1
SRBD1 (55133),SRBD1
SRCAP (10847),SRCAP
SRF (6722),SRF
SRFBP1 (153443),SRFBP1
SRP14 (6727),SRP14
SRP19 (6728),SRP19
SRP54 (6729),SRP54
SRP68 (6730),SRP68
SRP72 (6731),SRP72
SRP9 (6726),SRP9
SRPRA (6734),SRPRA
SRPRB (58477),SRPRB
SRRM1 (10250),SRRM1
SRRM2 (23524),SRRM2
SRRT (51593),SRRT
SRSF1 (6426),SRSF1
SRSF10 (10772),SRSF10
SRSF11 (9295),SRSF11
SRSF2 (6427),SRSF2
SRSF3 (6428),SRSF3
SRSF6 (6431),SRSF6
SRSF7 (6432),SRSF7
SS18L2 (51188),SS18L2
SSB (6741),SSB
SSRP1 (6749),SSRP1
SSU72 (29101),SSU72
SSX5 (6758),SSX5
STARD7 (56910),STARD7
STIL (6491),STIL
STRAP (11171),STRAP
STX18 (53407),STX18
STX5 (6811),STX5
STXBP3 (6814),STXBP3
SUDS3 (64426),SUDS3
SUGP1 (57794),SUGP1
SUGT1 (10910),SUGT1
SUMO2 (6613),SUMO2
SUPT16H (11198),SUPT16H
SUPT4H1 (6827),SUPT4H1
SUPT5H (6829),SUPT5H
SUPT6H (6830),SUPT6H
SUPV3L1 (6832),SUPV3L1
SURF6 (6838),SURF6
SUZ12 (23512),SUZ12
SVBP (374969),SVBP
SYF2 (25949),SYF2
SYMPK (8189),SYMPK
SYS1 (90196),SYS1
SYVN1 (84447),SYVN1
TADA2A (6871),TADA2A
TAF1 (6872),TAF1
TAF10 (6881),TAF10
TAF12 (6883),TAF12
TAF13 (6884),TAF13
TAF1A (9015),TAF1A
TAF1B (9014),TAF1B
TAF1C (9013),TAF1C
TAF1D (79101),TAF1D
TAF2 (6873),TAF2
TAF5 (6877),TAF5
TAF6 (6878),TAF6
TAF7 (6879),TAF7
TAF8 (129685),TAF8
TANGO6 (79613),TANGO6
TARDBP (23435),TARDBP
TARS1 (6897),TARS1
TBC1D28 (254272),TBC1D28
TBCA (6902),TBCA
TBCB (1155),TBCB
TBCC (6903),TBCC
TBCD (6904),TBCD
TBCE (6905),TBCE
TBL3 (10607),TBL3
TBP (6908),TBP
TCERG1 (10915),TCERG1
TCOF1 (6949),TCOF1
TCP1 (6950),TCP1
TEFM (79736),TEFM
TELO2 (9894),TELO2
TERF2 (7014),TERF2
TEX10 (54881),TEX10
TEX48 (100505478),TEX48
TEX49 (255411),TEX49
TEX52 (101929469),TEX52
TFAM (7019),TFAM
TFB2M (64216),TFB2M
TFIP11 (24144),TFIP11
TFRC (7037),TFRC
TGS1 (96764),TGS1
THAP1 (55145),THAP1
THG1L (54974),THG1L
THOC1 (9984),THOC1
THOC2 (57187),THOC2
THOC3 (84321),THOC3
THOC5 (8563),THOC5
THOC6 (79228),THOC6
THOC7 (80145),THOC7
TICRR (90381),TICRR
TIGD3 (220359),TIGD3
TIMELESS (8914),TIMELESS
TIMM10 (26519),TIMM10
TIMM13 (26517),TIMM13
TIMM22 (29928),TIMM22
TIMM23 (100287932),TIMM23
TIMM29 (90580),TIMM29
TIMM44 (10469),TIMM44
TIMM9 (26520),TIMM9
TINF2 (26277),TINF2
TIPIN (54962),TIPIN
TLCD1 (116238),TLCD1
TLE7 (102723796),TLE7
TLK2 (11011),TLK2
TMA16 (55319),TMA16
TMED10 (10972),TMED10
TMED2 (10959),TMED2
TMEM183A (92703),TMEM183A
TMEM199 (147007),TMEM199
TMEM242 (729515),TMEM242
TMEM258 (746),TMEM258
TMEM41B (440026),TMEM41B
TMSB10 (9168),TMSB10
TNPO1 (3842),TNPO1
TNPO3 (23534),TNPO3
TOMM20 (9804),TOMM20
TOMM22 (56993),TOMM22
TOMM40 (10452),TOMM40
TONSL (4796),TONSL
TOP1 (7150),TOP1
TOP2A (7153),TOP2A
TOP3A (7156),TOP3A
TOPBP1 (11073),TOPBP1
TOX4 (9878),TOX4
TP53RK (112858),TP53RK
TPI1 (7167),TPI1
TPR (7175),TPR
TPRKB (51002),TPRKB
TPT1 (7178),TPT1
TPX2 (22974),TPX2
TRA2B (6434),TRA2B
TRAIP (10293),TRAIP
TRAPPC1 (58485),TRAPPC1
TRAPPC11 (60684),TRAPPC11
TRAPPC3 (27095),TRAPPC3
TRAPPC4 (51399),TRAPPC4
TRAPPC5 (126003),TRAPPC5
TRAPPC8 (22878),TRAPPC8
TRIAP1 (51499),TRIAP1
TRIM37 (4591),TRIM37
TRIM43 (129868),TRIM43
TRMT10C (54931),TRMT10C
TRMT112 (51504),TRMT112
TRMT5 (57570),TRMT5
TRNT1 (51095),TRNT1
TROAP (10024),TROAP
TRPM7 (54822),TRPM7
TRRAP (8295),TRRAP
TSEN2 (80746),TSEN2
TSEN34 (79042),TSEN34
TSEN54 (283989),TSEN54
TSFM (10102),TSFM
TSG101 (7251),TSG101
TSGA10 (80705),TSGA10
TSR1 (55720),TSR1
TSR2 (90121),TSR2
TTC1 (7265),TTC1
TTC27 (55622),TTC27
TTC4 (7268),TTC4
TTF1 (7270),TTF1
TTF2 (8458),TTF2
TTI1 (9675),TTI1
TTI2 (80185),TTI2
TTK (7272),TTK
TUBA1B (10376),TUBA1B
TUBA1C (84790),TUBA1C
TUBA3D (113457),TUBA3D
TUBB (203068),TUBB
TUBG1 (7283),TUBG1
TUBG2 (27175),TUBG2
TUBGCP2 (10844),TUBGCP2
TUBGCP3 (10426),TUBGCP3
TUBGCP4 (27229),TUBGCP4
TUBGCP5 (114791),TUBGCP5
TUBGCP6 (85378),TUBGCP6
TUFM (7284),TUFM
TUT1 (64852),TUT1
TXN (7295),TXN
TXNDC9 (10190),TXNDC9
TXNL4A (10907),TXNL4A
TXNL4B (54957),TXNL4B
U2AF1 (7307),U2AF1
U2AF2 (11338),U2AF2
U2SURP (23350),U2SURP
UBA1 (7317),UBA1
UBA2 (10054),UBA2
UBA3 (9039),UBA3
UBA52 (7311),UBA52
UBA6 (55236),UBA6
UBAP1 (51271),UBAP1
UBE2C (11065),UBE2C
UBE2D3 (7323),UBE2D3
UBE2I (7329),UBE2I
UBE2L3 (7332),UBE2L3
UBE2L5 (171222),UBE2L5
UBE2M (9040),UBE2M
UBE2N (7334),UBE2N
UBE2O (63893),UBE2O
UBE2Z (65264),UBE2Z
UBL5 (59286),UBL5
UBQLN4 (56893),UBQLN4
UBR4 (23352),UBR4
UBTF (7343),UBTF
UFC1 (51506),UFC1
UFD1 (7353),UFD1
UHRF1 (29128),UHRF1
UNC119 (9094),UNC119
UNC50 (25972),UNC50
UNC93B1 (81622),UNC93B1
UPF1 (5976),UPF1
UPF2 (26019),UPF2
UQCC3 (790955),UQCC3
UQCR11 (10975),UQCR11
UQCRC1 (7384),UQCRC1
UQCRFS1 (7386),UQCRFS1
UQCRQ (27089),UQCRQ
URB1 (9875),URB1
URB2 (9816),URB2
URI1 (8725),URI1
URM1 (81605),URM1
UROD (7389),UROD
USB1 (79650),USB1
USE1 (55850),USE1
USO1 (8615),USO1
USP10 (9100),USP10
USP18 (11274),USP18
USP36 (57602),USP36
USP37 (57695),USP37
USP39 (10713),USP39
USP5 (8078),USP5
USP7 (7874),USP7
USP8 (9101),USP8
USPL1 (10208),USPL1
UTP11 (51118),UTP11
UTP15 (84135),UTP15
UTP18 (51096),UTP18
UTP20 (27340),UTP20
UTP23 (84294),UTP23
UTP25 (27042),UTP25
UTP3 (57050),UTP3
UTP4 (84916),UTP4
UTP6 (55813),UTP6
UXT (8409),UXT
VARS1 (7407),VARS1
VARS2 (57176),VARS2
VBP1 (7411),VBP1
VCL (7414),VCL
VCP (7415),VCP
VDAC1 (7416),VDAC1
VEZT (55591),VEZT
VHL (7428),VHL
VIRMA (25962),VIRMA
VMP1 (81671),VMP1
VPS13D (55187),VPS13D
VPS16 (64601),VPS16
VPS18 (57617),VPS18
VPS25 (84313),VPS25
VPS28 (51160),VPS28
VPS29 (51699),VPS29
VPS35 (55737),VPS35
VPS36 (51028),VPS36
VPS37A (137492),VPS37A
VPS41 (27072),VPS41
VPS51 (738),VPS51
VPS52 (6293),VPS52
VPS54 (51542),VPS54
VPS72 (6944),VPS72
VRK1 (7443),VRK1
VTI1B (10490),VTI1B
WAC (51322),WAC
WAPL (23063),WAPL
WARS1 (7453),WARS1
WARS2 (10352),WARS2
WBP1 (23559),WBP1
WBP11 (51729),WBP11
WDHD1 (11169),WDHD1
WDR1 (9948),WDR1
WDR12 (55759),WDR12
WDR18 (57418),WDR18
WDR25 (79446),WDR25
WDR26 (80232),WDR26
WDR3 (10885),WDR3
WDR33 (55339),WDR33
WDR36 (134430),WDR36
WDR43 (23160),WDR43
WDR46 (9277),WDR46
WDR5 (11091),WDR5
WDR55 (54853),WDR55
WDR64 (128025),WDR64
WDR7 (23335),WDR7
WDR70 (55100),WDR70
WDR74 (54663),WDR74
WDR75 (84128),WDR75
WDR76 (79968),WDR76
WDR77 (79084),WDR77
WDR82 (80335),WDR82
WDR83 (84292),WDR83
WEE1 (7465),WEE1
WNK1 (65125),WNK1
WTAP (9589),WTAP
XAB2 (56949),XAB2
XPO1 (7514),XPO1
XPO5 (57510),XPO5
XPOT (11260),XPOT
XRCC5 (7520),XRCC5
XRCC6 (2547),XRCC6
XRN1 (54464),XRN1
XRN2 (22803),XRN2
YAE1 (57002),YAE1
YARS1 (8565),YARS1
YARS2 (51067),YARS2
YBX1 (4904),YBX1
YEATS2 (55689),YEATS2
YEATS4 (8089),YEATS4
YJU2 (55702),YJU2
YJU2B (81576),YJU2B
YKT6 (10652),YKT6
YPEL1 (29799),YPEL1
YPEL5 (51646),YPEL5
YRDC (79693),YRDC
YTHDC1 (91746),YTHDC1
YWHAZ (7534),YWHAZ
YY1 (7528),YY1
ZAN (7455),ZAN
ZBTB11 (27107),ZBTB11
ZBTB17 (7709),ZBTB17
ZBTB8OS (339487),ZBTB8OS
ZC3H13 (23091),ZC3H13
ZC3H18 (124245),ZC3H18
ZC3H3 (23144),ZC3H3
ZC3H8 (84524),ZC3H8
ZCCHC9 (84240),ZCCHC9
ZCRB1 (85437),ZCRB1
ZFC3H1 (196441),ZFC3H1
ZMAT2 (153527),ZMAT2
ZMAT5 (55954),ZMAT5
ZNF131 (7690),ZNF131
ZNF143 (7702),ZNF143
ZNF207 (7756),ZNF207
ZNF236 (7776),ZNF236
ZNF335 (63925),ZNF335
ZNF407 (55628),ZNF407
ZNF431 (170959),ZNF431
ZNF487 (642819),ZNF487
ZNF492 (57615),ZNF492
ZNF574 (64763),ZNF574
ZNF593 (51042),ZNF593
ZNF830 (91603),ZNF830
ZNG1B (150472),ZNG1B
ZNHIT2 (741),ZNHIT2
ZNHIT3 (9326),ZNHIT3
ZNHIT6 (54680),ZNHIT6
ZPR1 (8882),ZPR1
ZRSR2 (8233),ZRSR2
ZSCAN26 (7741),ZSCAN26